Naive,CacheOpt
0.001000,0.001000
0.003000,0.002000
0.007000,0.006000
0.073000,0.040000
0.094000,0.054000
0.171000,0.114000
0.999000,0.678000
13.036000,6.086000
